worda	wordB	rating
brazo	músculo	1.4
democracia	monarquía	1.3
tejado	techo	4.8
amigo	profesor	0.4
mano	pie	1.1
biografía	ficción	0.7
disco	ordenador	1.3
esgrima	gimnasia	2.6
banco	asiento	5.1
emperador	constitución	1.2
pistola	truco	0.2
tamaño	magnitud	5
pelota	guante	1.1
oveja	ganado	2.7
lagartija	cocodrilo	2.6
amigo	huésped	1.6
cumpleaños	cita	1.4
coche	taxi	3.8
hueso	dientes	1.7
paraguas	calentador	0.2
frustración	enfado	4.5
activo	valores	2.6
acción	curso	1.3
celebracion	ceremonia	4.1
ensayo	tarea	3.3
circunnavegación	equipaje	1.1
populacho	multitud	3.2
hombro	cabeza	1.5
arquero	pionero	0.8
mito	sátira	2
ganador	candidato	1.7
combate	beligerancia	3.4
puerta	portón	4.9
bolos	jugador de bolos	2.1
circunstancia	situación	5.6
convocatoria	reunión	4.8
cuidado	precaución	5.7
gravedad	meteorito	1.4
cena	pollo	1.6
sensor	radiador	1.2
palomitas de maiz	cine	2.1
casa	apartamento	4.1
centavo	esposa	0.3
palabra	literatura	2.4
escoba	polvo	0.9
snowboard	esquí	2.6
hijo	padre	1.6
semilla	mostaza	1.8
gato	Conejo	0.9
biólogo	microscopio	1.3
placa	vaso	0.7
chisme	Noticias	2.1
dado	cubo	3.5
torre	campana	1.7
programa informático	caso	0.6
Dios	sacerdote	1.6
río	Valle	2.4
automóvil	coche	5.5
madre	esposa	2.1
árbol	arce	3.7
arroz	niño	0
chico	semental	0.6
puerto	envoltura	0.1
inteligencia	lógica	3.4
día	mañana	3.6
arma	casco	1.4
monasterio	ducha	0
ganador	presencia	0.4
televisión	cine	2.3
filete	carne	3.6
pistón	motor	2.2
virus	sangre	1.2
hombre	centinela	0.9
oveja	Cordero	3.8
coche	autopista	1.4
resistencia	fuerza	3
entropía	información	0.8
ruido	traqueteo	3.4
dinero	salario	3.7
profesor	ayudante	1.1
autor	creador	5.3
papel pintado	fondo	1.6
cerveza	champán	1.3
capacidad	competencia	3
mano	muñeca	2.2
capítulo	elección	0.5
agosto	mes	3
curso	estómago	0.1
monje	cruzar	0.1
estrella	brillo	2.7
visión	percepción	4.5
vino	brandy	1.6
habitación	bañera	0.7
pasillo	corredor	5.3
naranja	cítrico	3
Iglesia	coro	1.2
ropa	cajón	1.3
día	amanecer	2.6
bestia	animal	4.1
tarro	botella	2.3
río	mar	2.4
hecho	visión	0.5
tribunal	justicia	2.6
pasado	antecedente	3.4
globalismo	visado	0.8
monstruo	demonio	3.3
abogado	banquero	1.4
cuchara	vaso	1.2
segundo	minuto	2.5
felicidad	tristeza	0.8
galaxia	astrónomo	1.6
obrero	cámara	0.1
riñón	órgano	3.2
fútbol	fútbol americano	2.5
chico	niña	1.2
niño	hermano	1.7
intercambio	reemplazo	3.2
poeta	periodista	0.9
recordatorio	diferencia	0.4
vaca	cabra	1.3
parlamento	congreso	3.6
divertido	fútbol	1.2
riqueza	pobreza	0.2
taxi	autobús	2
alcohol	Ginebra	2.3
corazón	cirugía	1
elegancia	estilo	4.1
ganado	ternera	3.5
tarea	autopista	0.1
noche	día	1
envase	ratón	0.1
juego	truco	2
ganado	yogur	0.6
avestruz	huerta	0.4
gente	globo	0.5
puerta	cocina	0.7
negocio	industria	3.1
contaminación	presidente	0.5
mar	océano	4.2
capilla	cable	0
ropa	botón	1.4
cubierta	ratón	0
negación	confesión	1.2
pelota	cañón	0.4
niña	niño	3.2
anatomía	biología	2.2
lácteos	miel	0.5
casa	granero	0.8
cena	sopa	2.1
accidente	catástrofe	3.4
curva	ángulo	2.2
personaje	persona	2.8
baloncesto	béisbol	1.5
símbolo	firmar	1
Rey	princesa	1.8
Pareja	par	4.6
fotófono	homófono	0.8
objetivo	flecha	1.2
sacerdote	monje	3.3
estudiante	alumno	5.5
bebé	hija	2.9
manzana	salsa	0.6
Príncipe	Rey	2.2
presencia	puerta	0.6
cama	sofá	2.1
géiser	primavera	0.6
dígito	número	4.9
hashtag	tema	2.5
confianza	yo	1.2
médico	ortodoncista	2.1
cárcel	elección	0.3
coche	ascensor	0.3
cámara	presidente	0.9
infección	inflexión	0.2
planta de semilla	hoja	1.5
condensador	diodo	2.1
raqueta	pelota	1.3
papel	cartulina	3.5
demonio	ángel	1
cama	silla	1.4
oro	zinc	1.3
moisés	cuna	2.1
subrutina	compilador	0.8
papá	madre	2.4
banda	desfile	2
enfermedad	infección	3.2
cuerpo	estómago	1.7
gato	mascota	3.3
buque	vena	0
madre	guardián	1.7
vexilología	bandera	1.3
sentido	intuición	3.5
átomo	carbón	1.3
ópera	cine	1.4
himno	cañita	0.1
lógica	aritmética	2.1
matriz	vector	1.9
manzana	sol	0.5
magistrado	juez	3.2
uña	pulgar	1.7
dólar	millonario	1.1
asignación	tarea	4.9
escultura	estatua	5.3
obrero	mecánico	2.4
idea	esquema	3
proteína	asa	0.3
aviónica	aeronáutica	3
metro	yarda	2.2
ropa	tela	2.4
arzobispo	obispo	3
cañón	Valle	2.1
flor	arbusto	2.1
xenofobia	racismo	4.6
cama	cuna	3
pistola	cuchillo	1.7
tormenta	huracán	3.1
tarjeta madre	placa base	2.1
patología	hematología	1.6
cielo	universo	1.2
hombre	marido	1.8
póster	papel	1.9
artículo	diario	1.7
altitud	conversión	0.7
multimillonario	indigente	0.2
arroz	frijol	1.1
silla	banco	3.5
esfuerzo	dificultad	2.7
boca	diente	1.5
sufijo	afijo	2
pájaro	pavo	2.6
calendario	vacaciones	1.2
prejuicio	chauvinista	1.5
bicicleta	habitación	0.3
felicidad	paz	2.6
sofá	silla	2.6
ropa	armario	1.6
padre	Dios	1.8
contaminación	atmósfera	1.3
vitamina	plancha	0.5
habitación	célula	0.1
colegio	derecho	0.8
emperador	gobernador	2.4
cena	desayuno	1.4
acústica	sonido	3.8
princesa	galleta	0
química	teoría	1
comunicación	televisión	1.6
nieve	hielo	3.1
libro	materia	1.7
piedra	madera	0.9
comida	cena	3.6
ducado	principado	2.5
cerámico	cerámica	4.8
molino	semilla	1.5
alfabeto	bolígrafo	0.8
conductor	piloto	5.1
noche	capítulo	0.7
clima	ola	0.6
dinero	perla	1
baño	habitación	1.2
hueso	tobillo	1.1
planeta	estrella	2.5
estilo	moda	3.8
calle	callejón	3.6
atención	conciencia	1.5
lengua	garganta	1.1
dinosaurio	elefante	0.9
accidente	emergencia	3.1
viaje	conquista	0.8
tarea	trabajo	4.5
hombre	padre	2
mujer	hombre	1.5
cama	habitación	1.3
playa	arrecife	1.6
playa	costa	3.5
tenis	estadística	0.5
órgano	hígado	2.3
riqueza	fama	1.7
valor	tarifa	2.7
ropa interior	cuerpo	0.6
abogado	licenciado en derecho	4.7
acetilcolina	iris	0.3
lago	pantano	2.8
lámpara	genio	1
servidor	esclavo	2.8
armada	ejército	4.5
fondo	lado	1
caja	sombrero	0.3
molécula	átomo	2.5
mano	pulgar	1.4
profesor	rabino	0.6
lago	nube	0.3
chico	niño	4.4
computadora	máquina	3.8
agujero	esposa	0
colegio	grado	1.5
volar	hormiga	0.5
ropa	capa	1.4
sangre	médula	1.3
agonía	dolor	3.6
teorema	teoría	3.9
manzana	caramelo	0.5
madera	papel	1
conversación	discusión	2.7
pollo	filete	2.3
fraternidad	puerta	0.4
habitación	cama	1.3
unión	suma	3.4
alcohol	cóctel	2.4
cuota	salario	2
hermana	hermano	3.5
tifón	ciclón	4.6
escritor	regalo	0.1
montaña	repisa	0.4
botella	envase	2
cuenco	cola	0.2
barco de cañón	costa	0.7
falda	reloj	0.3
agua	sal	0.4
población	gente	3.7
palabra	página	0.5
Nota	trabajo	0.7
líder	gerente	3.2
suéter	chaqueta	2.6
nariz	cabeza	0.9
juego	acción	1.4
cable	cuerda	2.5
reunión creativa	telescopio	0
combinación	Unión	4.2
actriz	actor	4.1
rabino	ministro	1.2
compañero	acompañante	4.3
creador	fabricante	3.7
cama	manta	1.1
rama	brazo	1.3
insignias	dignidad	0.4
avión	chorro	0
hombre	Víctor	0.7
piña	teléfono inteligente	0
plato	cuenco	2.4
hierba	musgo	2.1
república	duque	0.2
Leche	jugo	0.7
profesor	monitor	2.1
nepotismo	Rey	1.7
pájaro	halcón	2.3
Valle	depresión	3
máquina	motor	2.8
gente	centavo	0.1
obrero	oficina	0.2
criptograma	símbolo	2.6
apartamento	mueble	0.5
caja	cigarro	0.7
Desierto	duna	2.5
limón	té	0.5
roble	arce	1.2
flauta	música	1.7
dinero	efectivo	4.5
frente	ojo	0.5
ahorro	ahorrador	2.8
cadera	labio	0.5
magma	volcán	2
tubo	cigarro	0.3
antropología	arqueología	1.1
colina	acantilado	1.6
juego	divertido	1.1
profundidad	magnitud	1.1
hermano	alma	0.3
parcialidad	opinión	2.1
ritmo	melodía	3.2
fórmula	tronco	0.2
obispo	musulmán	0.4
ropa	chaqueta	1.5
nariz	boca	0.9
ovillo	hilo	2.1
autopista	carretera	4.2
pesticida	parásito	0.5
vaso	tarro	2.4
calle	coche	0.3
capitán	marinero	1.5
teoría	hipótesis	3.6
ortodoncista	dentista	3.9
cargador	disco	0.4
mejilla	lengua	0.4
soldado	paz	0.3
película	teatro	0.9
cáncer	enfermedad	2.9
club	sociedad	2.9
actitud	confianza	1.9
bicicleta	piel	0.4
delito	ataque	1.7
cola	posterior	2.5
sargento	pistola	0.6
agujero	acuerdo	0
niño	chico	4.2
cabeza	uña	0.5
libro	artículo	1
libro	texto	2.5
Biblia	himno	0.5
esposa	cañita	0.3
raqueta	ruido	0.3
semestre	término	1.2
tarea	cañita	0.1
hierba	espada	0.1
cama	mueble	1.5
guitarra	tambor	0.8
aeropuerto	pieza	0
flor	bulbo	1.5
gráfico	grafico	5.5
circuncisión	prepucio	2
petróleo	visón	0.1
adulto	bebé	0.6
juez	Corte	0.9
crimen	violación	3.2
whisky	champán	1.1
manual	guía	4.6
accidente	libro	0.2
estaño	metal	1.8
modo	moda	0.3
apocalipsis	fuego	0.9
teclado	ligero	0.5
hermano	hijo	0.9
obrero	empleador	1
precalentamiento	recalentamiento	1.6
capítulo	cola	0.1
muerte	catástrofe	1.3
pared	decoración	0.8
atmósfera	ozono	2
espíritu	banda	0.5
será	intención	1.5
realidad	espejismo	0.2
motor	bote	0.4
descomposición	factorización	1.3
campana	puerta	0.3
máscara	partido	0.3
playa	isla	1.9
palacio	escultor	0.7
aplicación	galaxia	0.2
muerte	tragedia	2.4
electricidad	caso	0
libro	Biblia	2
lápiz	historia	0.8
nube	ventana	0.7
sequía	agua	1
moneda	pago	2.1
director	cinematografía	2.1
flor	Violeta	2.1
prima	tío	0.6
renacimiento	tumba	0.3
canción	bailarín	0.5
policía	político	0.4
nivel	Puntuación	3.2
valor	creencia	2
regla	convención	2.3
sacarosa	carbohidrato	1.8
puesta de sol	noche	1.5
juicio	veredicto	3.3
honor	estima	1.9
avión	aeropuerto	1.4
tormenta de nieve	lluvia	0.6
bancarrota	fracaso	2.2
caja	cabina	1.2
tarea	mujer	0.2
prueba	hecho	2.5
entrenador	jugador	0.5
hígado	pulmón	0.5
garganta	nariz	0.5
motel	Posada	3.3
maceta	aparato	0.3
guitarra	violín	0.5
fuerza	podría	0.4
discusión	acuerdo	1.2
Dios	presa	0
trono	espada	0.4
obra de arte	artista	1.6
centavo	tamaño	0.2
menta	museo	0
golpear	marco	0.3
pájaro	gallina	1.8
pistola	cañón	1.3
delta	mar	1.3
supremacía	omnipotencia	2.9
fin de semana	raza	0
Grillo	seguidor	0
sultán	ministerio	0.4
silaba	examen	0.3
delito	fraude	3
empleador	empleado	0.9
vaso	cristal	1.5
coche	manguera	0.3
suelo	techo	0.7
hueso	mandíbula	1.1
citoplasma	dígito	0
brecha	apertura	2.9
teatro	batería	0.2
alcohol	vino	1.7
muerte	entierro	1.5
carboncillo	carbón	2.3
cuerpo	pecho	1.1
competencia	capacidad	2.9
protestante	cristiano	1.2
casa	alfombra	0.3
culpa	sistema	0.2
motor	maquinaria	2
fiscal	abogado	2.5
peligro	amenaza	4.2
palabra	diccionario	1.2
becerro	toro	2.3
bañera	esposa	0.2
tejer	uniforme	0.3
creencia	flor	0.1
gallina	pavo	0.8
raíz	hierba	1.2
inteligencia	visión	1.2
naturaleza	flora	2.4
bombardeo aéreo	ataque	2.8
alcohol	brandy	1.8
mariposa	Rosa	0.3
frijol	café	0.2
fertilizante	crecimiento	0.8
pelota	esfera	2.8
historiador	historiógrafo	2.7
himno	conquista	0.3
alcohol	whisky	1.8
matriz	molécula	0.4
nube	neblina	2.9
murciélago	vampiro	1.9
decisión	elección	4.2
carne de vaca	carne	3.9
amante	compañero	1.6
médico	doctor	5.3
ruta	viaje	3.6
emoción	pasión	3.1
médico	templar	0.3
topología	estructura	1.5
paciente	sesión	0.7
bandera	polo	0.3
ritmo	cadencia	2.4
sufragio	salida	0.1
libro	manuscrito	2.9
ignorancia	inteligencia	0.7
tocino	frijol	0.3
Universidad	clase	1.5
poliéster	algodón	1.4
gripe	fiebre	2.2
brazo	hombro	1
dólar	gente	0.1
riqueza	prestigio	1
vaca	ganado	2.6
caballo	yegua	2.7
salida	puerta	1.6
mutante	sociobiología	0.4
martillo	dientes	0.1
criminal	delincuente	4.5
tradición	artesanía	1.5
padre	adulto	1.1
inteligencia	destreza	2.3
palabra	pista	0.2
ganador	Gol	0.7
religión	materialista	0.2
basílica	mosaico	0.4
truco	tamaño	0
diplomacia	negociación	2.5
chubasco	viento	1.4
clase	pasillo	0.3
área	zona	5.3
callejón	cuenco	0
estaño	aluminio	1.1
extraterrestre	forastero	1.4
beca	matrícula	1.2
agricultura	monocultivo	1.2
flor	resistencia	0.1
dedo	palma	0.7
sabiduría	inteligencia	3.8
tabaco	cigarrillo	3.6
cabaña	cabina	1.5
águila	halcón	2.4
compositor	escritor	2.4
dolencia	infección	2
velocidad	enviar	0.4
copiloto	cabina	0.7
tío	tía	3.2
pie	base	2.2
Universidad	profesión	1
hueso	codo	0.9
palanca de mando	Radar	0.4
brazo	vena	0.5
fondo	parte superior	0.2
centavo	ganga	0.3
armada	isla	0.4
herramienta	trabajo	0.8
cita	compromiso	4
norte	Oeste	0.5
estudiante	profesor	0.6
pecador	Smo	0
pelota	cesta	0.3
estado animico	emoción	3.3
estómago	habitación	0.2
desayuno	tocino	0.3
civilización	estilo de vida	1.1
perro	gato	0.7
creencia	concepto	2.1
pacto	acuerdo	5.3
lluvia	niebla	0.8
novela	escritor	1.3
Teléfono móvil	teléfono	5.1
ejército	equipo	1
diputado	oficial	1.5
árbol	hoja	1.3
voleibol	pelota	1.2
coche	bicicleta	0.6
continuación	cámara	0.2
resistencia	banda	0.1
enfermera	científico	0.4
zona	esquina	0.6
pago	Nota	0.7
jugo	batido	3.4
pared	ladrillo	1.3
nube	niebla	2.3
río	corriente	2.2
carril	cerca	0.8
reflexión	imagen	1.5
whisky	Ginebra	0.8
cuerno	tambor	0.7
teléfono	cabina	1.2
perejil	mollete	0.5
dinero	diamante	0.7
azúcar	miel	1.4
ropa	paño	1.7
estómago	cintura	1.3
coche	calibre	0.4
libertad	atrevimiento	1
atención	interés	3.8
policía	sheriff	3.7
vendaval	manta	0.1
felicidad	suerte	0.7
fuente	caja	0.2
década	siglo	0.7
gato	león	1.2
ejército	legión	3.2
helicóptero	avión	0.9
caballo	potro	2.9
pantalones	mujer	0.3
adversario	oponente	4.8
techo	catedral	0.4
abeja	reina	0.8
ojo	lágrima	1
brazo	muñeca	1
cerca	saltando	0.4
libro	información	1.2
escudo	rodela	1.5
Dios	espíritu	1.5
comunicación	conversacion	3.2
zona	región	3.9
boquilla	fluido	0.4
comunicación	idioma	1.9
corredor	atleta	3.3
camafeo	actuación	0
dolor	vergüenza	0.8
maíz	maizal	3.4
tren	tranvía	2.9
invierno	verano	0.6
vagón	envase	0
soneto	belleza	0.5
amigo	chico	1.8
pistola	amanecer	0
casa	estado	0.2
habitación	edificio	0.8
poder	botella	0
fiebre	enfermedad	2.1
Dios	diablo	0.6
mujer	piel	0.3
avión	hoja	0
cerveza	bebida	1.9
leyenda	moral	0.6
bote	cubierta	1
bote	ancla	1
camión	paquete	0.6
puerta	piso	0.9
behaviorismo	terapia	0.9
ratón	administración	0
ordenador portátil	cuaderno	0.4
monedero	bolso	1.8
marijuana	hierba	4.7
alumno	presidente	0.2
altar	corredor	0.2
manzana	limón	0.5
techo	piso	1
pollo	arroz	0.5
músculo	lengua	2
pago	recompensa	3.6
casa	llave	0.6
baño	cocina	0.6
batalla	conquista	2
novia	princesa	1.1
músculo	hueso	0.5
vientre	abdomen	4.3
noche	amanecer	0.4
lluvia	granizo	1.3
profeta	sacerdote	1.2
puesta de sol	cuerda	0
pasillo	sala	0.7
cama	hospital	0.7
coche	puente	0.2
agricultura	planta	0.8
ecosistema	economía	0.4
pistola	cuaderno	0.1
libro	ensayo	1.5
carne	tocino	1.5
silla	taburete	3.2
noche	oscuridad	2.6
isla	tarea	0.1
nieve	clima	0.9
pared	castillo	0.5
coronación	agua	0
metal	aluminio	1.7
visón	piel	1.9
corona	llave	0.2
puerta	bodega	0.3
segadora	Caña de azúcar	0.4
alboroto	dibujo	0.1
canción	historia	0.4
televisión	actor	0.6
político	presidente	2.3
aritmética	ritmo	0.9
creencia	opinión	2.9
lente	cámara	2.4
pierna	brazo	0.6
agua	hielo	0.8
manguera	jardín	0.5
ajedrez	comprobar	0.2
cereal	trigo	1.9
campamento	cabina	1
ventana	techo	0.4
juicio	prueba	1.7
lazo	cinturón	1.2
espíritu	siglo	0.1
comodidad	seguridad	1.9
argumento	crítica	2.8
álgebra	operación	1.5
mujer	esposa	2.9
padre	hija	0.5
acorazado	buque	3.2
hombre	niño	0.8
mujer	secretario	0.4
cena	comida	3.7
sur	norte	0.5
libro	historia	1
nihilismo	película	0.2
bañera	globo	0.1
opinión	elección	1.1
brazo	cuello	0.5
bar	jaula	0.3
pistola	piel	0.1
multitud	manojo	0.8
nube	clima	0.7
coro	cantante	1.7
enfado	furia	4.2
víctima	teléfono	0
acantilado	cola	0
lino	tela	2.8
moneda	intercambio	1.6
cuerpo	espina	0.6
llovizna	lluvia	4.4
nieve	tormenta	1.1
manzana	jugo	1
célula	cárcel	0.5
asteroide	estrella	2.7
trucha	guitarra	0
vocalista	personal	0.5
banda	orquesta	4.3
mente	cerebro	3.7
episodio	capítulo	5.3
tronco	madera	3.9
espada	ambiente	0.1
idea	imagen	1.6
germen	patógeno	3
aire	helio	1.4
batería	energía	3.2
península	isla	1.2
corrupción	fraude	3.9
puerta	pasillo	0.6
recaudación de fondos	evento	2.6
padre	hermano	0.4
abogado	galería	0.2
tía	sobrino	0.6
abeja	hormiga	0.8
pacto	condición	2.7
molécula	aire	0.9
hombre	guerrero	0.9
avena	campo	0.7
nublado	pronóstico	1.3
Sandwich	almuerzo	1
calibre	paraguas	0.2
sofá	béisbol	0.2
enfado	estado animico	3.1
vaso	cono	1.3
más allá	purgatorio	2.4
Luna	planeta	1.3
puerta	portal	2.4
belleza	años	0.5
coche	cuerno	0
caja	ascensor	0.3
victoria	triunfo	5.5
viscosidad	chapoteo	0.9
camino	manera	1.7
caos	clase	0.2
burbuja	jabonaduras	1.7
bronquitis	acetaminofeno	0.8
crédito	prestatario	2.4
pelota	disfraz	0.2
mantequilla	patata	0.7
neurosis	mente	1.5
taxi	coche	3.1
ácido	base	1
fórmula	ecuación	3.8
insecto	abeja	2.9
caballo	buey	1.4
hombres	fraternidad	1.1
chocolate	tarta	1.4
mundo	globo	3
brazo	hueso	0.9
canela	caramelo	0.8
creencia	impresión	2.4
serpiente	lagartija	1.2
destrucción	construcción	0.3
carne	pan	0.5
diccionario	definición	2.6
ayudante	mucama	2.5
cuota	pago	4.2
playa	mar	3.4
bote	árbol	0.3
rayo	sol	1.3
Cereza	fresa	1.3
poema	ritmo	1
dama	Hidalgo	0.9
patio	pulgada	0.1
actividad	movimiento	3
gente	pistola	0.1
hueso	rodilla	0.9
ventana	puerta	0.9
brazo	cuerpo	1.1
invierno	temporada	2.9
llave	candado	2.4
Rey	regla	0.9
terremoto	temblor	4.4
novio	novia	3.2
cuello	espina	0.5
amigo	compañero	3.8
aleación	acero	1.5
cumpleaños	año	1.5
chico	pareja	1.1
niño	pareja	0.4
anillo	compromiso	2.1
periódico	información	2
gente	partido	0.8
cuerpo	hombro	1
sociedad	negocio	2.2
poliedro	actor	0
nube	tormenta	1.1
barro	suciedad	2.3
palabra	periódico	1.1
condición	niño	0.1
rock	mía	0
pueblo	ciudad	2.9
abundancia	mucho	5
Campaña	mono	0.1
editorial	Noticias	1.7
hombre	tío	2.3
dinero	capital	4.3
realidad	fantasía	0.3
ensalada	vinagre	1.1
niño	soldado	0.4
desayuno	cena	0.7
elección	vena	0
impuesto	ingresos	0.7
bote	coche	0.6
litoral	costa	4.7
medio	Noticias	2.1
derecho	justicia	2.3
comida	cintura	0.5
princesa	isla	0.1
tronco	bañera	0
peligro	enfermedad	0.8
recaudación de fondos	desarrollo	0.8
ratón	gato	0.5
apartamento	hotel	1.1
vestir	danza	0.3
moneda	concurrencia	0.3
hija	niño	0.4
bañera	truco	0
club	marca	0.9
niña	mucama	0.5
frase	palabra	1.6
perro	caballo	0.5
pantalla	monitor	5
gobierno	lagartija	0
fin de semana	semana	2.2
desesperación	miseria	2.4
multiplicación	división	0.5
piano	armonía	0.3
intestino	nervio	0.7
sol	cielo	1
médico	profesor	0.8
filósofo	carreras	0.3
brazo	rodilla	0.5
administración	gestión	3.4
palacio	rascacielos	0.6
tobillo	ventana	0.1
estómago	vena	0.4
página	párrafo	1.7
senado	constitución	1.4
parte superior	lado	1.2
playa	orilla	2.7
coche	carro	4.9
Brújula	elefante	0.1
tanque	coche	0.6
puesta de sol	mesa	0.1
límite	frontera	5.1
madera	manta	0.1
camisa	cárdigan	1.2
menú	orden	1
jefe	alcalde	1.5
actor	cantante	0.8
fuerza	capacidad	2.9
medalla	zapatillas	0.2
libertad	oasis	0.2
puntero	diapositiva	0.5
túnel	camino	2.4
cubo	juguete	1
rata	ratón	4.4
Iglesia	catedral	4.4
cerveza	alcohol	2.5
director	jefe	4.5
código malicioso	gusano	1.3
ausencia	presencia	0.3
pie	cabeza	0.5
matemático	show	0.1
era	década	2.6
música	melodía	4
siglo	año	1.3
codo	tobillo	0.4
carta	párrafo	0.8
cuerpo	nervio	0.5
arena	pie	0.4
anarquía	caos	3.6
balada	canción	3.9
niño	hijo	3.1
policía	copiloto	0.3
puesta de sol	amanecer	0.6
dedo del pie	dedo	4.9
adulto	guardián	1.3
infinito	cero	0.7
coche	fábrica	0.4
cabina	choza	1.3
telescopio	silla	0.2
intrigante	estratega	0.6
coche	camión	1.2
violín	instrumento	2.9
piso	cubierta	0.8
código	símbolo	2.3
palabra principal	sintaxis	0.9
nervio	cerebro	1
situación	condición	4.3
un pan	queso	0.4
jugo	cuchara	0.2
carne	sándwich	0.8
vagón	carro	2.5
cursor	patatas fritas	0
alegría	orgullo	1.2
nube	calina	0.9
madera	tronco	3.8
profesor	estudiante	0.6
animal	persona	0.4
cielo	sueño	0.5
heroína	héroe	3
fecha	calendario	1.5
ofrecimiento	contribución	3.4
manuscrito	artículo	2.2
ciencia	psicología	0.8
sociedad	cultura	1.9
algodón	suéter	0.7
libro	tema	0.9
libertad	censura	0.2
mago	cable	0
vino	espíritu	0.2
campeón	ganador	4.7
guionista	televisión	1.1
libro	literatura	2.3
sabueso	zorro	1.2
hueso	cuello	0.4
presidente	alcalde	2.1
sílaba	lema	0.6
fonología	pantalla	0.1
hombre	sospechar	0.4
dentista	coronel	0.3
ilustración	ampolla	0
bar	cárcel	0.2
menta	goma	0.1
formación	lista	0.5
aviación	vuelo	2.2
campus	Universidad	3.6
uña	mano	1.2
eczema	dermatitis	2.2
opinión	idea	3.9
metro	pulgada	1.4
avalancha	nieve	1.5
agresión	hostilidad	3
dieta	ensalada	1
dolor	daño	2.3
padre	progenitor	4.8
amigo	madre	0.3
decoración	sobre	0.1
traductor	extranjero	0.5
diccionario	enciclopedia	2.5
pan	harina	1.1
sombrero	capa	0.8
tarjeta	puente	0
vehículo	autobús	2.5
multitud	desfile	2.1
abrigo	choza	0
objetivo	búsqueda	1.2
comida	programa	0.1
solicitante	solicitud	1.7
miembro	pierna	3.6
crimen	robo	3.1
negocio	empresa	4.3
neuropsicología	parasicología	1.1
sangre	cuerpo	0.5
fraternidad	béisbol	0.3
esposa	marido	1.5
tsunami	mar	1.8
boca	labio	2.3
dieta	manzana	0.9
mapa	cuadrado	0.4
biotopo	biología	0.9
barra	cortina	0.4
prado	pradera	4.6
polinización	estambre	0.9
campanario	capilla	0.9
historia	tema	0.8
niño	adulto	0.5
guardería	preescolar	3.1
película	filme	5.6
trabajo	administración	1.4
simulación	robótica	0.9
autor	lector	0.8
gusano de seda	oruga	3.1
histeria	Confusión	1.7
sangre	carne	0.6
perspectiva	distancia	2.4
encantador	alegre	2.4
ordinario	mundano	4
opuesto	único	1.2
infeliz	enojado	2.3
sucio	limpiar	0.9
estrecho	Delgado	4.3
imposible	factible	0.2
incorpóreo	espiritual	3.2
pegajoso	sucio	1.6
estúpido	tonto	4.9
tedioso	difícil	2.8
culpable	avergonzado	1.8
ordenado	sucio	0.2
aburrido	mediocre	0.8
enorme	tonto	0
insano	loco	2.4
modesto	flexible	0.3
malo	estupendo	0.1
necesitado	impotente	1
inocente	ingenuo	3.3
0	real	0.1
inmaduro	irresponsable	3.1
largo	estrecho	0.3
veloz	rápido	5.8
astuto	extraño	0.3
creativo	innovador	4.5
orgulloso	arrogante	3.5
asequible	barato	4.6
mediocre	bien	0.2
tonto	raro	0.2
inteligente	tonto	0.2
cruel	injusto	1.9
modesto	puro	0.6
insulso	aburrido	4.2
vulnerable	fácil	1.2
inseguro	asustado	2
raro	único	3.7
ordinario	frío	0.1
maravilloso	genial	4.6
raro	extraño	5.7
nacional	grande	0.3
fácil	duro	0.2
antiguo	nuevo	0.2
crudo	grosero	1.2
cansado	hambriento	1
fácil	difícil	0.2
reciente	nuevo	4.1
legal	ilegal	0.2
maduro	sofisticado	1.5
humilde	modesto	4.2
inmaduro	crecido	0.5
cocido	hervido	4.6
amplio	estrecho	0.2
elástico	flexible	4.2
colérico	vacilante	0.9
confidente	Por supuesto	0.6
feliz	alegre	5.3
negrita	orgulloso	0
difícil	simple	0.2
aburrido	gracioso	0.1
encantador	maravilloso	3.3
formal	apropiado	3
artificial	0	3.4
aburrido	emocionante	0.2
abierto	no revelado	0
modesto	avergonzado	0.8
crédulo	estúpido	2.2
hambriento	sediento	1.2
seguro	tedioso	0.1
sobrio	borracho	0.2
ilegal	inmoral	1.5
malo	horrible	2.5
bien	conocido	0.4
ocupado	perezoso	0.3
crudo	feo	0.5
neutral	indeciso	1.8
antiguo	mezclado	0
triste	terrible	0.5
ágil	rápido	3.8
tímido	asustado	2.3
fácil	grande	0
derecho	curvo	0.3
pegajoso	mojado	0.8
increíble	ordinario	0.2
violento	enojado	1.9
similar	igual	3.7
emocionado	asustado	0.8
violento	pasivo	0.2
cierto	nervioso	0.1
agresivo	curvo	0
legal	permitido	4.3
extraño	impar	1.2
seguro	legal	1.4
radical	violento	2.3
corto	largo	0.2
enfadado	alegre	0.2
valioso	especial	4.4
estrecho	ancho	0.2
preciso	incorrecto	0.1
mezclado	conjunto	2.2
extraño	ordinario	0.2
aburrido	cansado	1.5
flexible	suelto	1.3
tonto	listo	0.2
cierto	seguro	3.4
malo	mediocre	2.7
grande	pesado	0.8
bonito	generoso	0.1
alto	grande	2.7
despreciativo	desdeñoso	3.6
rojo	azul	0.5
astuto	difícil	0.3
violento	suave	0.2
áspero	frígido	0.8
económico	barato	5.1
conocido	nacional	0.4
grosero	crítico	0.9
tonto	inteligente	0.6
flexible	móvil	2.3
pobre	orgulloso	0.2
tímido	costoso	0.4
enfermos	loco	1.4
moderno	antiguo	0.2
bizarro	extraño	3.9
honesto	culpable	0.1
tonto	denso	0.4
quinto	parte superior	0.1
malo	culpable	1.4
precioso	sagrado	2
Delgado	esbelto	3.1
limpiar	inmaculado	1.4
privado	público	0.2
agudo	aburrido	0
grave	gracioso	0
potente	poderoso	3.7
nuevo	antiguo	0.2
precioso	perezoso	0
informe	amorfo	2.2
malo	inmoral	2.5
racional	sobrio	1.1
grande	ancho	1.9
crucial	importante	4.4
maravilloso	estupendo	5.4
raro	impar	0.9
feliz	enfadado	0.2
conocido	popular	4.3
curvo	torcido	3.5
necesario	importante	3.5
extramatrimonial	inmencionable	0.3
fuerte	orgulloso	1
feliz	joven	0.1
terminado	completar	3
tonto	confiado	1
menor	significativo	0.2
sucio	increíble	0
cargado	pesado	2.9
solitario	pobre	0.3
otro	opuesto	1.1
avergonzado	trastornado	0.7
aparente	obvio	3.8
masivo	astronómico	1.6
exótico	raro	4.1
saliente	bonito	0.5
inquieto	joven	0.2
sucio	estrecho	0
mensual	semanal	0.5
esencial	necesario	5.1
relajado	estresado	0.2
grande	enorme	5
perceptible	obvio	3
estrecho	blanco	0
negativo	Nunca	1.6
triste	aburrido	0.5
fácil	flexible	1.8
personal	íntimo	4.9
cubierto	vestido	2.6
bonito	cruel	0.1
obstinado	estúpido	0.7
Fresco	amplio	0.1
necesitado	inseguro	0.7
malo	deshonesto	1.5
hermoso	maravilloso	3.1
brillante	genial	3.3
sucio	barato	0
duro	difícil	5
agudo	suave	0.5
avergonzado	suerte	0
ignorante	regular	0
malo	genial	0.1
neutral	calma	1.1
imprevisto	no previsible	5.4
listo	inteligente	5.3
deshonesto	veraz	0.1
astuto	inteligente	4.6
genial	horrible	0.2
estupendo	enojado	0.1
picante	bueno	0
gratis	inocente	0.1
rígido	fácil	0.1
templado	agudo	0.5
difícil	denso	2
frágil	frígido	0.1
sencillo	fácil	4.6
nuevo	no usado	5.7
diferente	normal	0.2
temeroso	ansioso	1.1
descubierto	cubierto	0.2
agresivo	grosero	2.5
simpático	generoso	1.7
poderoso	débiles	0.3
sucio	feo	0.7
triste	gracioso	0.1
asustado	nervioso	2.1
duro	sencillo	0.2
débiles	picante	0
grande	flexible	0
innecesario	necesario	0.2
duro	cruel	3.3
impotente	vulnerable	1.7
relajado	calma	3.7
malo	terrible	4.2
Cortés	apropiado	2.9
pequeñito	enano	4.8
feliz	enojado	0.2
poco claro	vago	1.7
feliz	contento	4.2
templado	medio	2.1
eléctrico	dulce	0
desformado	uniforme	0.6
antiguo	Fresco	0
tortuoso	que no es de fiar	1
orgulloso	triste	0.1
escaso	raro	4
personal	privado	4.1
infantil	tonto	2.2
impaciente	ansioso	4.2
regular	promedio	4.1
nuevo	Fresco	4
minúsculo	enorme	0.2
grosero	ruidoso	0.9
mecánico	eléctrico	1.2
difícil	fácil	0.2
extraño	normal	0.2
saliente	entrante	0.2
limpiar	ordenado	1.3
detener	conducir	0.6
proteger	ayuda	1.3
olvidar	ignorar	2.4
objetivo	golpear	0.4
criticar	odiar	1
ir	entrar	1.3
deambular	buscar	0.9
depender	confiar	2.1
pedir prestado	mendigar	1.3
salir	aparecer	0.6
perder	fallar	2.5
definir	aclarar	3.8
retratar	decidir	0.6
entender	perdonar	1
aceptar	negar	0.1
aclarar	explicar	4.8
concluir	decidir	2.6
recoger	organizar	1.5
destruir	hacer	0.2
beber	tragar	2.2
recibir	captura	0.3
enfadar	herir	1.2
seguir	perseguir	3.7
pedir prestado	desear	1
disfrutar	odiar	0.1
ir	vender	0.1
montar	correr	0.4
detener	advertir	0.7
saludar	realizar	0.3
absorber	retirar	0.2
testificar	juez	0.9
retirar	rechazar	1.3
inspeccionar	examinar	4.9
creer	sentir	2.2
descomponer	destruir	3.2
volverse	parecer	0.4
cocinar	perder	0.1
enterrar	morir	1
respirar	ahogarse	0.5
descubrir	originar	1.5
aplazar	terminar	0.5
explicar	probar	2.3
entregar	llevar	2.7
encontrar	desaparecer	0.3
detener	silbar	0.5
empezar	ir	0.6
salir	deambular	1.3
dar	prestar	2.2
contar	recordar	0.8
aprender	educar	1.7
desalojar	salir	2.6
paga	tratar	0.2
pretender	retratar	0.9
corregir	evaluar	4.3
ir	venir	1.3
recoger	salvar	0.7
morder	luchar	0.6
mentira	pretender	1.2
darse cuenta de	descubrir	4.6
discutir	persuadir	1.3
hervir	freír	0.8
excusar	perdonar	2.8
vivir	sobrevivir	2.1
lograr	tratar	0.9
negarse	disminuir	0.1
fallar	confiar	0.2
sacudir	remover	2.9
barajar	montar	0.6
desocupar	desalojar	5
estar de acuerdo	discrepar	0.8
obtener	permanecer	0
lucha	matar	0.5
de acuerdo	diferir de	0.3
traer	restaurar	0.1
tomar	salir	0.4
organizar	exigir	0.3
tratar	pensar	0.7
romper	vestir	0
analizar	evaluar	4.6
unir	casar	3.1
reunir	reunirse	3.1
irradiar	brillar	4.1
adjuntar	unirse	2.7
salir	ignorar	0.3
culpa	acusar	2.4
explorar	descubrir	3.1
desear	escoger	1.4
tomar	obtener	2.9
leer	morder	0
escuchar	obedecer	0.9
demoler	aplastar	2.3
asistir	llegar	2.2
suponer	predecir	2.5
abrazar	abrazo	4.6
gestionar	organizar	4.5
adquirir	robar	0.7
rechazar	condenar	2.2
crear	bucear	0
robar	comprar	0.2
morir	desintegrarse	0.7
pedir	alegar	0.7
enviar	asistir	0.7
tomar	aprovechar	0.7
cazar	susto	0.1
entender	escucha	1.1
buscar	encontrar	1.3
golpear	ganar	0.3
recorrer	levantar	0.1
preocuparse	malgastar	0.1
limpiar	informar	0
dar	negar	0.1
discutir	pedir	0.6
buscar	preguntar	1
unirse	añadir	2.9
frustrar	desalentar	3.5
salvar	rescatar	5.5
matar	ahogarse	1
volverse	aparecer	0.9
tomar	entregar	0.9
mezcla	beber	0.6
verter	gotear	1.6
disminución	descender	2.6
asumir	pretender	2.3
seleccionar	recoger	1.8
comportarse	obedecer	2.8
añadir	construir	1
escoger	elegir	5.7
mezclar	disolver	2
perder	sustraer	0.4
aceptar	disminuir	0
alegar	mendigar	0.3
ahogar	abrazar	0.7
empapar	reducir	0
obtener	poner	0.2
traer	quejar	0
competir	terminar	0.2
involucrarse	casar	0.9
quejarse	discutir	2.7
ven	asistir	2
empezar	dejar	0.2
perder	mantener	0.1
lograr	realizar	3.3
cocinar	freír	2.8
deber	prestar	0.5
rechazar	evitar	3.1
dar	pedir prestado	1
permitir	aprobar	3.1
hablar	susurrar	1.5
pausa	esperar	2.9
dar	poner	1.2
investigar	examinar	4.4
tomar	recibir	1.6
buscar	mirar	2
practicar	repetir	2.7
proteger	defender	5
castigar	obedecer	1
unirse	adquirir	0.8
aprender	escuchar	1
escuchar	oír	5.1
renunciar	reprimir	1
reunir	recoger	3.1
crecer	incrementar	4
estar de acuerdo	discutir	0.5
agarrar	entender	0
discutir	justificar	0.7
cubrir	enterrar	3.4
salir	ir	3.4
desconocer	negar	1.5
discutir	diferir de	2.9
multiplicar	dividir	0.7
comprender	satisfacer	0.7
ir	enviar	0.7
localizar	encontrar	5.4
imprimir	ignorar	0
esforzarse	ejecutar	0.7
retratar	notificar	0.6
adquirir	recibir	2.7
negar	mentir	1.2
humillar	comodidad	0
mendigar	pedir	2.8
matar	destruir	1.7
dividir	despegar	1.2
prohibir	detener	2.4
culpar	empujar	0.1
oler	mimar	0
engañar	hacer trampas	4
arrestar	sospechar	0.8
absorber	poseer	1
aceptar	rechazar	0.2
tejer	movimiento	0.3
molestar	agravar	1.1
hacer	dejar	0.4
estar de acuerdo	aceptar	3.9
saber	comprender	2.9
tomar	poseer	2.2
adorar	admirar	4
estar de acuerdo	complacer	1.1
hacer	construir	3.4
elegir	rechazar	0.4
aplastar	romper	2.2
hacer	volverse	0.4
destruir	construir	0.2
destruir	salvar	0.1
dejar	permitir	5.1
enjuagar	lavar	3.7
dar	saber	0.5
retirarse	retirar	3.6
estar de acuerdo	vender	0.9
olvidar	aprender	0.1
asesorar	recomendar	4.7
cojear	caminar	0.9
odiar	despreciar	4.4
pensar	decidir	1.6
reducir	encoger	4.4
escalar	hacer senderismo	1.1
sorber	tragar	1.7
adquirir	obtener	4.8
caer	herir	1.1
pellizcar	dar un puñetazo	0.4
pedir	rezar	1.5
dar	permitir	0.9
ignorar	evitar	3.3
salir	reunirse	1.8
asumir	predecir	2.8
recoger	ganancia	0.8
desear	querer	4.6
ofender	molestia	1.5
contemplar	pensar	2.5
aceptar	recomendar	0.8
paga	comprar	1
mezcla	combinar	4.3
enviar	recibir	0.6
crear	imaginar	1.3
lograr	tener éxito	4.7
pensar	racionalizar	4.1
mantener	dar	0.7
hablar	oír	0.7
permitir	refutar	0.5
satisfacer	complacer	5
ir	permitir	0.4
beber	sorber	3.1
controlar	detener	1
empezar	originar	4
tener éxito	tratar	0.5
luchar	discrepar	1
entrar	deber	0
unirse	casarse	2.4
reducir	restringir	2.2
crear	construir	4
ganar	tener éxito	3.1
comenzar	empezar	5.9
sorprender	celebrar	1
absorber	aprender	1.6
nombrar	elegir	3.2
deambular	fluir	0.5
tomar	robar	1
ocurrir	suceder	4.8
reemplazar	restaurar	2.4
esfumarse	desaparecer	5.3
hornear	freír	1.4
captura	lanzar	0.4
garabatear	escribir	1.4
pedir prestado	vender	0.4
comparar	analizar	2.7
ahogar	abrumar	1.6
llegar	salir	0.4
mantener	proteger	1.8
unir	empatar	1.2
molestar	herir	1.8
despierto	roncar	0.2
despreciar	cargar	0.6
cerrar	vomitar	0
sostener	abrazar	1.1
implicar	incluir	3.3
llevar	traer	0.7
chocarse con	aplastar	0.7
pensar	preguntar	0.7
salir	unirse	0.5
dividir	unir	0.2
recordar	vender	0
retirarse	salir	2.9
salir	esperar	0.4
beber	aumentar	0
saber	creer	0.9
obtener	comprar	3
poner	colgar	2
discutir	probar	0.6
juzgar	decidir	2.8
empujar	tirar	1.9
debate	discutir	3.5
asistir	discutir	0.2
complacer	entretener	1.6
promover	avanzar	2.4
expandir	crecer	4.9
hacer	ganar	0.5
recuerda	pensar	1.7
acusar	mentir	0.5
organizar	volverse	0.2
hacer	ocurrir	0.6
exprimir	abrazar	0.9
realizar	volverse	0.2
complacer	alegar	0.7
asaltar	agravar	1
perseguir	persuadir	0.4
agrietar	romper	2.4
aprender	evaluar	0.9
verificar	justificar	1.8
evitar	negar	1
atacar	herir	2.6
percibir	oír	1.9
lanzar	presionar	0.2
aceptar	perdonar	2.6
dar	robar	0.1
aparecer	asistir	2.7
enseñar	educar	5.1
tropezar	caerse	3.8
hablar	reconocer	0.8
temblar	congelar	0.9
recibir	aceptar	2.6
evacuar	determinar	0.7
vestir	erosionar	0
matar	defender	0.4
levantar	aumentar	0.9
jugar	apostar	2.7
mantener	pedir prestado	0.2
salvar	proteger	2.7
perder	obtener	0.2
saludar	reunirse	0.4
cantar	flotador	0
asistir	ayudar	4.2
decir	verificar	0.8
prometer	jurar	5.3
chasquear	crujir	2.2
remover	mezcla	3.1
descender	retirarse	0.9
llegar	venir	1.9
declarar	anunciar	4.1
caminar	estar	0.2
fallar	desalentar	0.9
insultar	ofender	4.5
gastar	salvar	0.1
erosionar	descolorarse	1
encoger	crecer	0.2
ignorar	pedir	0.2
tener éxito	fallar	0.2
enseñar	castigar	0.5
informar	notificar	4.8
discutir	racionalizar	2.1
golpear	azotar	4.3
permitir	erosionar	0
agarrar	apretar	2.6
tropezarse	chocarse	2.4
matar	colgar	0.5
traer	enviar	1
pedir	reñir	0.5
darse prisa	apurarse	5.7
huir	escapar	5.5
ganar	realizar	2
negar	admitir	0.2
tomar	llevar	0.7
reír	cantar	0.4
irritar	adivinar	0
reír	llorar	0.2
reunir	asistir	0.9
cooperar	participar	4.1
decir	participar	1.2
ojear	deslumbrar	0.5
apestar	oler	2.7
investigar	perseguir	1.1
reirse	reír	5.7
conservar	mantener	5
empatar	tejer	0
superar	dominar	2.4
recibir	lograr	0.3
mantener	poseer	2.6
participar	unirse	3
deteriorarse	limpiar	0.4
separar	adjuntar	0.1
apreciar	mantener	0.4
cocinar	mezclar	1
criticar	observar	1.4
animar	desalentar	0.3
salir	entrar	0.1
robar	secuestrar	1.6
recordar	olvidar	0.1
salir	permanecer	0.1
perdonar	olvidar	2.2
crear	destruir	0.1
chillar	gritar	5.4
juzgar	acusar	2.9
exigir	preguntar	1.7
esperar	permanecer	2.3
golpear	mezclar	0
aceptar	creer	1.4
buscar	cazar	1.7
pretender	parecer	2.5
enfadar	desalentar	0.6
sacudir	recoger	0.4
molestar	interrumpir	3.2
venir	traer	0.6
terminar	graduarse	1.6
crear	hacer	3.6
viajar	ir	2.9
ganar	dominar	2.4
pretender	imaginar	1.3
entender	saber	3.4
merecer	ganar	1.6
separar	salir	0.3
exprimir	decir	0.5
cubrir	proteger	3.8
leer	comprender	1.5
irritar	enemistarse	1.2
decidir	escoger	4
adquirir	encontrar	1.1
determinar	predecir	1.6
discutir	explicar	1.3
capturar	perseguir	1.1
golpear	atraer	0.1
dar	desconocer	0.1
quemar	ahogar	0.1
nadar	reunirse	0
comunicar	rezar	0.6
aceptar	entregar	0.4
olvidar	saber	0.2
restaurar	reparar	4.7
cooperar	unirse	3.1
desorganizado	organizado	0.1
permanecer	conservar	2.9
capturar	imitar	0.4
jugar	lucha	0.4
aceptar	reconocer	4.6
discutir	grito	0.9
llorar	sollozar	4.1
disolver	derretir	2.5
añadir	dividir	0.3
multiplicar	añadir	1.3
patear	herir	1.3
renunciar	desconocer	0.9
reconocer	notificar	1
aprender	confundir	0.2
lloriquear	llorar	4.8
sugerir	asesorar	4
imitar	retratar	2.1
disfrutar	entretener	1.6
capturar	agarrar	3.3
encontrar	escapar	0.3
buscar	indagar	3.9
convencer	discutir	1.2
parcialidad	inclinarse	1.9
inferior	reducir	1
ignorar	explorar	0.2
intentar	tener la intención	3.2
resolver	terminar	3.2
manchar	untar	0.4
proclamar	anunciar	4.2
tratar	convencer	1.6
hacer huelga	perder	0.2
vagar	deambular	5.2
lanzar	enviar	2.3
disfrazar	cubrir	1.3
ayudar	pedir	0.5
recibir	dar	0.3
salvar	ahogar	0.3
crear	dibujar	1.5
alterar	cambiar	4.2
mirar	observar	4.2
desaparecer	encoger	0.4
castigar	golpear	1.3
olvidar	conservar	0.3
bien	amablemente	0.9
Nunca	honestamente	0.2
fielmente	honestamente	2.6
significativamente	especialmente	2.6
anormalmente	normalmente	0.2
afirmativamente	probablemente	0.9
precisamente	activamente	1
firmemente	herméticamente	0.6
discretamente	cortésmente	1.9
antes de	después	0.1
sin peligro	felizmente	0.5
inmediatamente	pronto	4.1
emocionalmente	tristemente	1.7
principalmente	terminalmente	0.4
precisamente	inexactamente	0.1
después	Nunca	0.4
suavemente	firmemente	0.3
brillantemente	ligeramente	0
esta noche	hoy	2.5
localmente	cercanamente	2
ahora	aquí	1.9
herméticamente	increíblemente	0
ruidosamente	suavemente	0.1
normalmente	diariamente	3.4
peligrosamente	cuidadosamente	0.3
recientemente	de manera realista	0
seguramente	responsablemente	0.8
originalmente	creativamente	1.9
necesariamente	esencialmente	3.6
en tono rimbombante	verdaderamente	0.1
mortal	felizmente	0.1
tranquilamente	firmemente	0.8
críticamente	esencialmente	0.9
nerviosamente	ansiosamente	4.1
aproximadamente	fácilmente	0.2
orgullosamente	pacíficamente	0.2
generalmente	sinceramente	0.8
aproximadamente	Impacientemente	0.1
extraordinariamente	extrañamente	2.5
naturalmente	antinaturalmente	0.1
oficialmente	en tono rimbombante	0.4
uniformemente	a veces	0.2
exactamente	precisamente	5.1
aparentemente	simplemente	0.5
claramente	seguramente	3.1
puramente	completamente	2.3
seguramente	obviamente	2.5
generosamente	amablemente	3.3
verdaderamente	perfectamente	0.9
orgullosamente	humildemente	0.1
cómodamente	fácilmente	3.3
diferentemente	extrañamente	1.6
seguramente	a veces	0.9
delicadamente	actualmente	0
cuidadosamente	de manera segura	3.9
seriamente	sinceramente	2.4
abiertamente	macizamente	0.2
oficialmente	fuertemente	0
instantáneamente	una vez	0.9
increíblemente	muy	0.5
actualmente	recientemente	3.1
últimamente	recientemente	4.9
ligeramente	aproximadamente	0.4
pasivamente	activamente	0.2
quizás	probablemente	4.2
sutilmente	tranquilamente	1.8
aparentemente	obviamente	3.3
ruidosamente	sutilmente	0.1
generalmente	raramente	0.1
a veces	a menudo	2.4
seguramente	pasivamente	0
obviamente	en la zona	0
humildemente	mal	0.2
probable	posiblemente	4.3
justamente	injustamente	0.1
brillantemente	muy	0.3
idealmente	de modo realista	0.7
a menudo	raramente	0.8
urgentemente	con rapidez	4.3
dos veces	siempre	0.1
mayormente	principalmente	4.7
significativamente	profundamente	2.5
esmeradamente	hermosamente	1.2
cuidadosamente	cautelosamente	4.5
mecánicamente	idealmente	0.2
dos veces	múltiple	1.4
profundamente	principalmente	1.4
a veces	cuando	1
negativamente	antinaturalmente	1.9
Nunca	raramente	1.9
responsablemente	independientemente	0.6
activamente	felizmente	0.1
pacíficamente	caóticamente	0.1
aproximadamente	seguramente	1.2
completamente	básicamente	1.4
una vez	dos veces	0.5
con confianza	secretamente	1.1
en tono rimbombante	seriamente	1.1
maduro	inteligentemente	1.3
improbable	simpático	0
ligeramente	completamente	0.1
honestamente	sinceramente	4.9
rutinariamente	normalmente	4.2
ocasionalmente	regularmente	1.7
groseramente	aproximadamente	0.5
diferentemente	terminalmente	0
tranquilamente	naturalmente	1.4
espantosamente	fantásticamente	0.4
obviamente	discretamente	0.4
posiblemente	con optimismo	1.1
mañana	esta noche	0.4
amablemente	suavemente	2.1
generalmente	irregularmente	0.6
rectamente	maduro	1.1
locamente	tristemente	0.7
sucio	excesivamente	0
tranquilamente	pacíficamente	3.9
obviamente	aproximadamente	0.8
pasivamente	silenciosamente	0.7
generosamente	Nunca	0
definitivamente	seguramente	3.6
a casa	lejos	0.1
ruidosamente	locamente	1.1
